2_use_case_name,3_agency,3_abr,4_bureau,8_topic_area,8_question_type,10_commercial_ai,11_purpose_benefits,12_outputs,16_dev_stage,17_impact_type,18_date_initiated,19_date_acq_dev_began,20_date_implemented,21_date_retired,22_dev_method,23_contract_piids,24_hisp_support,25_hisp_name,26_public_service,27_public_info,28_iqa_compliance,29_contains_pii,30_saop_review,31_data_catalog,31_question_type,33_agency_data,34_data_docs,35_demo_features,35_question_type,37_custom_code,38_code_access,39_code_link,40_has_ato,41_system_name,42_dev_tools_wait,43_infra_provisioned,43_question_type,45_compute_request,45_question_type,47_timely_resources,47_question_type,49_existing_reuse,50_internal_review,51_extension_request,52_impact_assessment,53_real_world_testing,54_key_risks,55_independent_eval,56_monitor_postdeploy,57_autonomous_impact,57_question_type,59_ai_notice,59_question_type,61_adverse_impact,62_disparity_mitigation,63_stakeholder_consult,63_question_type,65_appeal_process,66_no_appeal_reason,67_opt_out,67_question_type
Form Recognition model for Benefits Forms,Department of Labor,DOL,OWCP,Government Services (includes Benefits and Service Delivery),N/A,None of the above.,Custom machine learning model to extract data from complex forms to tag data entries to field headers. The input is a document or scanned image of the form and the output is a JSON response with key/value pairs extracted by running the form against the custom trained form recognition model.,The AI system output is a recommendation.,Operation and Maintenance,Neither,10/1/2022,10/1/2022,3/1/2023,,Developed with both contracting and in-house resources.,"1605DC19A0004
NNG15SD60B",No,,,No,N/A,Yes,Yes,No,N/A,"No specific dataset. The AI engine came ready off the shelf, and the final product has been tested ad hoc by agency users and their NLP free text data. ","Documentation is complete: Documentation exists regarding the maintenance, composition, quality, and intended use of the training and evaluation data, as well as any statistical bias across model features and protected groups. ",N/A,N/A,No,No – agency does not have access to source code.,N/A,Yes,Azure,Less than 6 months,Yes,N/A,Yes,N/A,Yes,N/A,Use of existing data platforms: This use case is being developed on existing enterprise data and analytics platforms within the agency rather than procuring additional platforms or SaaS to operate.,Limited documentation for review: Some information regarding the model’s performance on specific benchmarks are available or have been shared with specific stakeholders within the agency.,,,,,,,,,,,,,,,,,,
Language Translation,Department of Labor,DOL,Department Wide Initiative,Mission-Enabling (internal agency support),N/A,None of the above.,"To automatically translate unofficial documents into various languages quickly and easily, without the time and expense needed for human translation. ",Language translation of published documents and websites using natural language processing models.,Initiated,Neither,9/1/2023,,,,,,,,,,,,,,,,,,,,,,,,,,,,,,,,,,,,,,,,,,,,,,,,,,
Audio Transcription,Department of Labor,DOL,OWCP||VETS||WHD,Mission-Enabling (internal agency support),N/A,None of the above.,Transcription of speech to text for records keeping using natural language processing models.,Text transcription,Operation and Maintenance,Neither,3/22/2023,3/22/2023,3/22/2023,,Developed with contracting resources., NNG15SD60B,No,N/A,N/A,No,N/A,No,No,Other,Agency datasets are not necessary for the development of this use case.,N/A,Documentation is complete,N/A,N/A,No,No – agency does not have access to source code.,N/A,Yes,Azure,Less than 6 months,Yes,N/A,N/A,N/A,Yes,N/A,Use of existing data platforms: This use case is being developed on existing enterprise data and analytics platforms within the agency rather than procuring additional platforms or SaaS to operate.,Yes,,,,,,,,,,,,,,,,,,
Text to Speech Conversion,Department of Labor,DOL,EBSA||OHR,Mission-Enabling (internal agency support),N/A,None of the above.,Text to speech (Neural) for more realistic human sounding applications using natural language processing models.,"

Audio files used on Power point presentations,",Operation and Maintenance,Neither,1/22/2023,1/22/2023,1/22/2023,,Developed with contracting resources.,NNG15SD60B,No,N/A,N/A,No,N/A,No,NO,Other,Agency datasets are not necessary for the development of this use case.,N/A,Documentation is complete,N/A,N/A,No,No – agency does not have access to source code.,N/A,Yes,Azure,Less than 6 months,Yes,N/A,N/A,N/A,Yes,N/A,Use of existing data platforms: This use case is being developed on existing enterprise data and analytics platforms within the agency rather than procuring additional platforms or SaaS to operate.,Yes,,,,,,,,,,,,,,,,,,
Claims Document Processing,Department of Labor,DOL,OWCP,Government Services (includes Benefits and Service Delivery),N/A,None of the above.,To identify if physician's note contains causal language by training custom natural language processing models.,Document ranking by likely relevance and sentences highlighting of potentially causal language.,Retired,"Rights-Impacting
",,,,7/16/2024,,,,,,,,,,,,,,,,,,,,,,,,,,,,,,,,,,,,,,,,,,,,,,,
Website Chatbot Assistant,Department of Labor,DOL,OTAA,Mission-Enabling (internal agency support),N/A,None of the above.,"The chatbot helps the end user with basic information about the program, information on who to contact, or seeking petition case status.","

More than AI, it is question and answer bot based on the pre determine question and answers, there is no AI which would give any out put",Operation and Maintenance,Neither,2/22/2023,4/23/2023,5/10/2023,,Developed with both contracting and in-house resources.," NNG15SD22B
1605DC19A0004",NO,N/A,N/A,Yes,"The chatbot’s Question and Answer knowledge base was developed by expert staff members that regularly handle information requests and inquires from the public about the TAA program. These experts identified the most frequently asked questions as well as the relevant answers to these. There is a Feedback form for the website in close proximity to the chatbot window. Users can give feedback on the bot there. The chatbot also provides direct email and phone contact info for the TAA program, where users can let staff know if there are any issues or incorrect/incomplete info.",No,NO,NO,N/A,Frequently asked questions and their answers pertaining to the TAA program.,Documentation is complete,N/A,N/A,Yes,Yes,https://aws.amazon.com/lex/,Yes,AWS / DOL.gov,6-12 months,Yes,N/A,Yes,N/A,Yes,N/A,Use of existing data platforms: This use case is being developed on existing enterprise data and analytics platforms within the agency rather than procuring additional platforms or SaaS to operate.,Yes,,,,,,,,,,,,,,,,,,
Data Ingestion of Payroll Forms,Department of Labor,DOL,WHD,Mission-Enabling (internal agency support),N/A,None of the above.,Custom machine learning model to extract data from complex forms to tag data entries to field headers. The input is a document or scanned image of the form and the output is a JSON response with key/value pairs,"
The output is a JSON response with key/value pairs extracted by running the form against the custom trained model.",Retired,Neither,8/1/2023,,,1/1/2024,,,,,,,,,,,,,,,,,,,,,,,,,,,,,,,,,,,,,,,,,,,,,,,
Hololens,Department of Labor,DOL,OSHA,Education & Workforce,N/A,None of the above.,AI used to train Inspectors to visually inspect  unsafe areas from a safe location.,"

Pictures of the location",Operation and Maintenance,Neither,8/21/2023,8/21/2023,8/21/2023,,Developed with both contracting and in-house resources., 1605TA20C0001,No,N/A,N/A,No,N/A,N/A,No,No,N/A,Purchased,Documentation is missing or not available,N/A,N/A,No,No – agency does not have access to source code.,N/A,No,N/A,Less than 6 months,N/A,N/A,N/A,N/A,N/A,N/A,N/A,N/A,,,,,,,,,,,,,,,,,,
DOL Intranet Website Chatbot Assistant,Department of Labor,DOL,OSPE,Mission-Enabling (internal agency support),N/A,None of the above.,"
Conversational AI Assistant & DOL intranet websites to help answer common procurement questions, as well as specific contract questions.",It will answer question based on the question pertaining to the knowledge base.,Operation and Maintenance,Neither,3/1/2023,8/1/2023,10/1/2024,,Developed with both contracting and in-house resources.,"1605DC19A0004
NNG15SD60B",No,,,No,N/A,No,No,No,N/A,Agency Generated,"Documentation is complete: Documentation exists regarding the maintenance, composition, quality, and intended use of the training and evaluation data, as well as any statistical bias across model features and protected groups. ",N/A,N/A,No,"Yes – agency has access to source code, but it is not public.",N/A,No,Azure,Less than 6 months,Yes,N/A,Yes,N/A,Yes,N/A,Use of existing data platforms: This use case is being developed on existing enterprise data and analytics platforms within the agency rather than procuring additional platforms or SaaS to operate.,Limited documentation for review: Some information regarding the model’s performance on specific benchmarks are available or have been shared with specific stakeholders within the agency.,,,,,,,,,,,,,,,,,,
Official Document Validation,Department of Labor,DOL,OWCP,Mission-Enabling (internal agency support),N/A,None of the above.,AI detection of mismatched addresses and garbled text in official letters sent to benefits recipients.,"

The output is a recommendation for review of mismatched a addresses and garbled text in official letters sent to benefits recipients.",Retired,Neither,,,,2/16/2024,,,,,,,,,,,,,,,,,,,,,,,,,,,,,,,,,,,,,,,,,,,,,,,
Electronic Records Management,Department of Labor,DOL,Department Wide Initiative,Mission-Enabling (internal agency support),N/A,None of the above.,"Meeting NARA metadata standards for (permanent) federal documents by using AI to identify data within the document, and also using NLP to classify and summarize documents.","

The system output is decision based and summarization of documents.",Initiated,Neither,12/22/2023,,,,,,,,,,,,,,,,,,,,,,,,,,,,,,,,,,,,,,,,,,,,,,,,,,
Call Recording Analysis,Department of Labor,DOL,EBSA,Mission-Enabling (internal agency support),N/A,None of the above.,"

Automatic analysis of recorded calls made to Benefits Advisors in the DOL Interactive Voice Response (IVR) center. AI is not used for analysis, AI is used only for transcription","

The output is a transcription of calls. The AI is only doing the transcriptions",Operation and Maintenance,Neither,2/23/2023,4/1/2024,5/24/2024,,Developed with both contracting and in-house resources.,"1605DC19A0004
NNG15SD60B",No,N/A,N/A,No,N/A,No,NO,Other,Agency datasets are not necessary for the development of this use case.,Agency owned data to do analysis of call recordings,Documentation is complete,N/A,N/A,No,Yes,N/A,Yes,Azure,Less than 6 months,Yes,N/A,Yes,N/A,Yes,N/A,Use of existing data platforms: This use case is being developed on existing enterprise data and analytics platforms within the agency rather than procuring additional platforms or SaaS to operate.,Yes,,,,,,,,,,,,,,,,,,
Automatic Document Processing,Department of Labor,DOL,OWCP,Government Services (includes Benefits and Service Delivery),N/A,None of the above.,Automatic processing of continuation of benefits form to extract pre-defined selection boxes. AI tool will extract data from the forms.,"

AI tool will extract data from the forms for further processing",Operation and Maintenance,Neither,2/23/2023,2/23/2023,5/29/2023,,Developed with both contracting and in-house resources.,"1605DC19A0004
 NNG15SD60B",No,N/A,N/A,No,N/A,Yes,Yes,No,N/A,Agency Generated,Documentation is complete,N/A,N/A,No,No – agency does not have access to source code.,N/A,Yes,Azure,Less than 6 months,Yes,N/A,Yes,N/A,Yes,N/A,Use of existing data platforms: This use case is being developed on existing enterprise data and analytics platforms within the agency rather than procuring additional platforms or SaaS to operate.,Yes,,,,,,,,,,,,,,,,,,
Automatic Data Processing Workflow with Form Recognizer ,Department of Labor,DOL,ETA,Mission-Enabling (internal agency support),N/A,None of the above.,Automatic processing of current complex workflow to extract required data. ,The output of the AI system is a consolidated data for review. The GPT will extract the data and into a spreadsheet and gets reconciled. ,Acquisition and/or Development,Neither,7/22/2023,11/30/2023,,,Developed with both contracting and in-house resources.,"NNG15SD22B, 1605DC19A0004",No,N/A,N/A,No,N/A,No,No,No,N/A,"Historical ETA-9130/ETA-9178 forms, 9178/9130 data from R1 states.",Documentation is widely available,N/A,N/A,,,,Yes,Azure,Less than 6 months,Yes,n/A,No,N/A,Yes,N/A,Re-use production level code from a different use-case: This use case re-uses production level code and/or internally developed code libraries for model development from existing AI systems or repositories inside the agency.,"No documentation is available: No documentation detailing model performance metrics, model architecture, features and intended use of the models have been created or are currently accessible to other data science teams within the agency.",,,,,,,,,,,,,,,,,,
Case Recording summarization,Department of Labor,DOL,OSHA,Mission-Enabling (internal agency support),N/A,None of the above.,Using an open source large language model to summarize publicly available case recording documents which are void of personal identifiable information (PII) or any other sensitive information. This is not hosted in the DOL technical environment and is reviewed by human note takers.,Summarized version of text,Retired,Neither,,,,4/23/2023,,,,,,,,,,,,,,,,,,,,,,,,,,,,,,,,,,,,,,,,,,,,,,,
OEWS Occupation Autocoder,Department of Labor,DOL,BLS,Mission-Enabling (internal agency support),N/A,None of the above.,The input is state submitted response files that include occupation title and sometimes job description of the surveyed units. The autocoder reads the job title and assigns up to two 6-digit Standard Occupational Classification (SOC) codes along with their probabilities as recommendations for human coders. Codes above a certain threshold are appended to the submitted response file and sent back to states to assist them with their SOC code assignment.,6-digit Standard Occupational Classification (SOC) codes,Operation and Maintenance,Neither,1/1/2015,1/1/2015,1/1/2018,,Developed in-house.,N/A,No,N/A,N/A,NO,N/A,No,No,Yes,N/A,Agency Generated,Documentation is complete,None,N/A,Yes,Yes,N/A,Yes,BLS Internal system,Less than 6 months,Yes,N/A,Yes,N/A,Yes,N/A,Use of existing data platforms: This use case is being developed on existing enterprise data and analytics platforms within the agency rather than procuring additional platforms or SaaS to operate.,Yes,,,,,,,,,,,,,,,,,,
Scanner Data Product Classification,Department of Labor,DOL,BLS,Mission-Enabling (internal agency support),N/A,None of the above.,"BLS receives bulk data from some corporations related to the cost of goods they sell and services they provide. Consumer Price Index (CPI) staff have hand-coded a segment of the items in these data into Entry Level Item (ELI) codes. To accept and make use of these bulk data transfers at scale, BLS has begun to use machine learning to label data with ELI codes. The machine learning model takes as input word frequency counts from item descriptions. Logistic regression is then used to estimate the probability of each item being classified in each ELI category based on the word frequency categorizations. The highest probability category is selected for inclusion in the data. Any selected classifications that do not meet a certain probability threshold are flagged for human review. Benefits: real-time turnaround, productivity improvements, cost saves",Entry Level Item codes,Operation and Maintenance,Neither,1/1/2018,1/1/2018,3/1/2019,,Developed in-house.,N/A,No,N/A,N/A,NO,N/A,No,N/A,Yes,N/A,Agency Generated; respondent-provided category and product description information,Documentation is complete,None,N/A,Yes,Yes,N/A,Yes,BLS Internal system,Less than 6 months,Yes,N/A,Yes,N/A,Yes,N/A,Use of existing data platforms: This use case is being developed on existing enterprise data and analytics platforms within the agency rather than procuring additional platforms or SaaS to operate.,Yes,,,,,,,,,,,,,,,,,,
Expenditure Classification Autocoder,Department of Labor,DOL,BLS,Mission-Enabling (internal agency support),N/A,None of the above.,"Purpose: assign a reported expense description from Consumer Expenditure Diary Survey respondents to expense classification categories known as item codes. Benefits: improve productivity, cost savings",BLS-internal item codes (expenditure classification categories),Operation and Maintenance,Neither,6/1/2019,1/1/2022,1/1/2024,,Developed with both contracting and in-house resources.,1605TA-21-F-00064,No,N/A,N/A,No,N/A,No,N/A,Yes,N/A,Agency-internal; expenditure descriptions and corresponding item code assignments,Documentation is complete,N/A,N/A,Yes,Yes,N/A,Yes,BLS Internal system,Less than 6 months,Yes,N/A,Yes,N/A,Yes,N/A,Use of existing data platforms: This use case is being developed on existing enterprise data and analytics platforms within the agency rather than procuring additional platforms or SaaS to operate.,Yes,,,,,,,,,,,,,,,,,,
Generative AI Assistant,Department of Labor,DOL,OCIO,Mission-Enabling (internal agency support),N/A,None of the above.,"Private and secure in-house solution to evaluate business use cases that can solve problems using Generative AI models and semantic search. Example use cases include text summarization, text analysis, and document comparisons.","

The AI system provides recommendations.",Operation and Maintenance,Neither,8/15/2023,8/15/2023,8/16/2024,,Developed with both contracting and in-house resources.,"1605DC19A0004
NNG15SD60B",No,N/A,N/A,No,N/A,No,Yes,Other,Agency datasets are not necessary for the development of this use case.,"No specific dataset. The AI engine came ready off the shelf, and the final product has been tested ad hoc by agency users and their NLP free text data. ",Documentation is widely available,N/A,N/A,No,No – agency does not have access to source code.,N/A,Yes,Azure Open AI and AWS,Less than 6 months,Yes,N/A,No,N/A,Yes,N/A,Use of existing data platforms: This use case is being developed on existing enterprise data and analytics platforms within the agency rather than procuring additional platforms or SaaS to operate.,Yes,,,,,,,,,,,,,,,,,,
Occupation Code Suggestion For Job Duties Data,Department of Labor,DOL,ETA,Mission-Enabling (internal agency support),N/A,None of the above.,Suggest appropriate occupation code for job duties data using natural language processing  and classification techniques,Automated Occupation code suggestions,Retired,Neither,,,,8/16/2024,,,,,,,,,,,,,,,,,,,,,,,,,,,,,,,,,,,,,,,,,,,,,,,
Notice of Deficiency (NOD) Text Generation using Generative AI model,Department of Labor,DOL,ETA,Mission-Enabling (internal agency support),N/A,None of the above.,Application of custom Generative AI model to create Notice of Deficiency (NOD) text based on the input data,Natural language text generation,Initiated,Neither,7/17/2023,,,,,,,,,,,,,,,,,,,,,,,,,,,,,,,,,,,,,,,,,,,,,,,,,,
PII Redaction,Department of Labor,DOL,OSHA,Mission-Enabling (internal agency support),N/A,None of the above.,Using Amazon Web Services Personal Identifying Information scrubber for ITA text fields and Named Entity Recognition to remove additional names from the text fields.,Input text returned with personal identifying information removed.,Operation and Maintenance,"Rights-Impacting
",5/20/2024,5/20/2024,11/19/2024,,Developed with both contracting and in-house resources., NNG15SD22B,NO,N/A,No,No,N/A,Yes,YES,Yes,N/A,Agency Generated,Documentation is available,Yes,,No,YES,Yes,Yes,AWS,6-12 months,Yes,N/A,Yes,N/A,Yes,N/A,Use of existing data platforms: This use case is being developed on existing enterprise data and analytics platforms within the agency rather than procuring additional platforms or SaaS to operate.,Documentation has been published: Complete documentation has been published to a repository or data catalog within the agency and is made accessible to other data science teams for review and feedback.,No – Agency did not request an extension for this use case.,YES,Yes,Risk of PII been published,Yes – by the CAIO,"Intermittent and Manually Updated: A plan for monitoring the AI use case is in place, and requires data science teams to work with DevOps engineers to manually update models at scheduled intervals, and create metrics to detect data distribution shifts between the operational environment and the training data for the model. ",,"Other – Immediate human intervention is not practicable; however, an appropriate fail-safe has been implemented.",N/A - individuals are not interacting with the AI for this use case,N/A,NO,Review,General solicitations of comments from the public,N/A,,,,
Website Chatbot Assistant,Department of Labor,DOL,ODEP,Mission-Enabling (internal agency support),N/A,None of the above.,The chatbot helps the end user with basic information about the Workforce Recruitment Program and information on who to contact.,Generate content from the WRP program,Operation and Maintenance,Neither,1/18/2024,3/18/2024,8/16/2024,,Developed with both contracting and in-house resources.,"NNG15SD22B
 1605DC19A0004",No,N/A,N/A,Yes,YES,No,NO,NO,N/A,Agency provided list of questions and answers.,Documentation is complete,N/A,N/A,Yes,Yes,https://aws.amazon.com/lex/,Yes,AWS,Less than 6 months,Yes,N/A,Yes,N/A,Yes,N/A,Use of existing data platforms: This use case is being developed on existing enterprise data and analytics platforms within the agency rather than procuring additional platforms or SaaS to operate.,Yes,,,,,,,,,,,,,,,,,,
Initial Determinations for incoming applications,Department of Labor,DOL,ETA,Mission-Enabling (internal agency support),N/A,None of the above.,AI tool to help perform initial analysis of the incoming 9141 and 9089 applications. Make initial determinations regarding whether issuance of a Request for Information is necessary. Create a standard RFI request and either (1) automatically issue the RFI before case assignment and hopefully obtain customer responses by the time the case is assigned OR (2) perform this action at case assignment and allow the assignment analyst to affirm and issue the RFI or not.,Flag cases for RFI ,Initiated,Neither,5/21/2024,,,,,,,,,,,,,,,,,,,,,,,,,,,,,,,,,,,,,,,,,,,,,,,,,,
AI Course Design Assistant,Department of Labor,DOL,OSHA,Education & Workforce,N/A,Improving the quality of written communications using AI tools.,"AI tool to recommend the structure of a course, titles for modules, descriptions, and images. AI-powered algorithms analyze course content and quickly generate test questions and prompts for authentic assessments. (Blackboard/COTS Product, unmodified)","Generated text and images for Course outlines, descriptions, tests/assessments.",Operation and Maintenance,Neither,,,,,,,,,,,,,,,,,,,,,,,,,,,,,,,,,,,,,,,,,,,,,,,,,,,
Worker PLUS Microsimulation Program,Department of Labor,DOL,CEO ,Government Services (includes Benefits and Service Delivery),N/A,None of the above.,"The Worker PLUS model was developed as an evolutionary iteration of the Paid Family and Medical Leave 
Simulator Model developed by Albelda and Clayton-Matthews (the ACM model)","The model simulates specific leave-taking behavior and outcomes (including number of leaves, leave lengths, benefit levels, and benefit eligibility) with individual workers in a state using data from the five-year American Community Survey (ACS) Public Use Microdata Sample (PUMS)",Operation and Maintenance,Neither,9/27/2017,9/27/2017,3/1/2021,,Developed with contracting resources.,DOLQ129633247,NO,N/A,N/A,Yes,"All CEO products adhere to the principles of rigor, relevance, transparency, independence, and ethics.",No,NO,Other,"All data is public, and not necessarily owned by DOL. ","CEO/WHD 2018 FMLA Employee Survey, American Community Survey",Documentation is widely available," Gender/Sex, Age, Income, Employment status",N/A,Yes,Yes,https://www.dol.gov/resource-library/microsimulation-model-worker-leave,No,N/A,More than 12 months,No,N/A,Yes,N/A,Yes,N/A,None: This use case does not re-use any internally developed tooling or managed infrastructure from any other AI development efforts within the agency.,Yes,,,,,,,,,,,,,,,,,,
Computer-Assisted Coding: SOII Autocoder,Department of Labor,DOL,BLS,Mission-Enabling (internal agency support),N/A,None of the above.,"The Survey of Occupational Injuries and Illnesses (SOII) collects hundreds of thousands of narratives describing cases of work-related injury and illness annually. Using narratives and other relevant information, SOII Autocoder automatically assigns classifications for SOII elements, which include worker occupation, nature of the injury, part of body affected, event that resulted in the injury, source and secondary source (if it exists) that caused the injury. The use of SOII autocoder initially began in 2012 for review purposes, then gradually expanded to automatically assign these classification codes. In reference year (RY) 2022, 92% of all SOII elements were automatically coded, which were then subsequently validated by human staff.

The SOII Autocoder is a transformer-based text classification model using millions of SOII cases as the labeled training data and a publicly available, third-party language model as a pre-trained base model. The Autocoder is trained annually in house using a GPU server that is owned and maintained by OCWC. Once trained, the Autocoder is deployed internally via REST API, autocoding batches of SOII and MSHA cases on a routine basis during the production cycle, all within the BLS network.",SOC and OIICS codes,Operation and Maintenance,Neither,1/12/2012,1/13/2013,1/15/2015,,Developed in-house.,N/A,No,N/A,N/A,NO,N/A,Yes,No,Yes,N/A,Agency Generated,Documentation is complete,None,N/A,Yes,Yes,N/A,Yes,BLS Internal System,Less than 6 months,Yes,N/A,Yes,N/A,Yes,N/A,Use of existing data platforms: This use case is being developed on existing enterprise data and analytics platforms within the agency rather than procuring additional platforms or SaaS to operate.,Yes,,,,,,,,,,,,,,,,,,
CFOI Record Matching,Department of Labor,DOL,BLS,Mission-Enabling (internal agency support),N/A,None of the above.,"The Census of Fatal Occupational Injuries (CFOI) collects and publishes a complete count of work-related fatal injuries and descriptive data on their circumstances. The CFOI Record Matching programs matches records from various sources, including Occupational Safety and Health Administration (OSHA) Information System (OIS) files, news articles, and Quarterly Census of Employment and Wages (QCEW), to identify missing or inconsistent data in CFOI.

The CFOI Record Matching programs use various aspects of AI in the areas of natural language processing and record matching. The CFOI-OIS matching uses random forest classifier model trained on previously matched CFOI-OIS data. The CFOI-QCEW matching uses TF-IDF vectors and cosine similarity to match establishment names in the CFOI-QCEW data. And the CFOI-CPDMS matching uses a publicly available, third-party question-answering language model to identify relevant CFOI elements from CPDMS data and then uses random forest classifier model to match CPDMS data to CFOI data. These processes are all conducted within the BLS network, and the outputs, in the form of spreadsheets, are provided once or twice a year to the staff in the CFOI program for review. These processes are all run within the BLS network.",Similarity score between records,Operation and Maintenance,Neither,9/18/2024,10/18/2024,9/20/2024,,Developed in-house.,N/A,No,N/A,N/A,NO,N/A,Yes,No,Yes,N/A,Agency Generated,Documentation is complete,Age and Sex/Gender,N/A,Yes,Yes,N/A,Yes,BLS Internal System,Less than 6 months,Yes,N/A,Yes,N/A,Yes,N/A,Use of existing data platforms: This use case is being developed on existing enterprise data and analytics platforms within the agency rather than procuring additional platforms or SaaS to operate.,Yes,,,,,,,,,,,,,,,,,,
OIICS Coding,Department of Labor,DOL,OSHA,Mission-Enabling (internal agency support),N/A,None of the above.,"

Auto-code assigning Occupational Injury and Illness Classification (OIICS)","

Manual coding would be a time-consuming task, estimated to require around 65,500 labor hours for initial coding, plus additional time for error correction.",Initiated,Neither,11/4/2024,,,,,,,,,,,,,,,,,,,,,,,,,,,,,,,,,,,,,,,,,,,,,,,,,,
AI Assisted coding -Microsoft GitHub Copilot,Department of Labor,DOL,OCIO,Mission-Enabling (internal agency support),N/A,None of the above.,"Automatically generate software code using Microsoft Copilot, this will reduce the time for generating code","Automatically generate software code using Microsoft Copilot, this will reduce the time for generating code",Operation and Maintenance,Neither,9/1/2024,9/1/2024,9/1/2024,,Developed in-house.,NNG15SD60B,No,,,No,N/A,No,No,No,N/A,N/A,"Documentation has been partially completed: Some documentation exists (detailing the composition and any statistical bias or measurement skew for training and evaluation purposes), but documentation took place within this use case’s development.",N/A,N/A,No,"Yes – agency has access to source code, but it is not public.",NA,Yes,Azure,Less than 6 months,Yes,N/A,Yes,N/A,Yes,N/A,Re-use production level code and/or data products: This use case re-uses production level code as well as data products that have been published or made widely available for data science teams for within the agency.,Limited documentation for review: Some information regarding the model’s performance on specific benchmarks are available or have been shared with specific stakeholders within the agency.,,,,,,,,,,,,,,,,,,
CPS OTC Prediction,Department of Labor,DOL,BLS,Mission-Enabling (internal agency support),N/A,None of the above.,"The BLS productivity office publishes measures of hours worked by major sector and industry. As part of the calculation for this measure, BLS uses Current Employment Statistics (CES) data on hours paid is used to estimate hours for payroll workers. Additional adjustments are made to this measure, such as removing paid time off (PTO), adding off-the-clock (OTC) hours, and adding in hours worked by self-employed and unpaid family workers. BLS uses the Current Population Survey (CPS) dataset to identify the amount of hours that are worked off-the-clock (OTC) by workers. There are some workers in the CPS dataset that do not report whether their time off was paid, or whether they get paid hourly or not. This data needs to be imputed to calculate the ratio of total hours worked to paid hours worked. A random forest model is used to predict the responses for workers that did not report this information by training it on characteristics (such as industry, occupation, education level, age, etc.) of respondents that have reported that information. The benefit of this AI use case is increased accuracy.","

worker's time off was paid, or whether they get paid hourly or not",Operation and Maintenance,Neither,1/1/2022,2/1/2022,11/1/2022,,Developed in-house.,N/A,No,N/A,N/A,NO,N/A,No,No,Yes,N/A,Agency Generated,Documentation is complete,"Class of worker, education, marital status, family income, sex, age",N/A,Yes,Yes,N/A,Yes,BLS Internal system,Less than 6 months,Yes,N/A,Yes,N/A,Yes,N/A,Use of existing data platforms: This use case is being developed on existing enterprise data and analytics platforms within the agency rather than procuring additional platforms or SaaS to operate.,Yes,,,,,,,,,,,,,,,,,,
Sample Refinement: Frame API,Department of Labor,DOL,BLS,Mission-Enabling (internal agency support),N/A,None of the above.,"BLS establishment-based surveys, such as the Survey of Occupational Injuries and Illnesses (SOII), the National Compensation Survey (NCS), and the Occupational Requirements Survey (ORS), use the Longitudinal Database (LDB) as the frame for their survey samples. For each of these programs, there is a significant time-lag between when the sample is drawn for a program and when data collection begins. A critical and time-consuming part of data collection is sample refinement: checking the latest Quarterly Census of Employment and Wages (QCEW) and LDB data to adjust for any changes to the sampled establishment during that time-lag. The QCEW/LDB Frame API allows fast retrieval of the latest QCEW/LDB data for a nationwide sample so that users can perform sample refinement more efficiently. The SOII program uses the Frame API to perform over 20 sample refinement comparison checks, which outputs a report for the data collectors.

The Frame API uses TF-IDF vectors and cosine similarity to compare company names, mailing addresses, and unit descriptions between the survey sample and the latest QCEW/LDB data to determine what components may have changed. The Frame API also has the flexibility for the users to match records using other combinations of variables. These processes are all run within the BLS network.",Similarity score between records,Operation and Maintenance,Neither,5/20/2024,6/20/2024,9/20/2024,,Developed in-house.,N/A,No,N/A,N/A,NO,N/A,No,No,Yes,N/A,Agency Generated,Documentation is complete,None,N/A,Yes,Yes,N/A,Yes,BLS Internal System,Less than 6 months,Yes,N/A,Yes,N/A,Yes,N/A,Use of existing data platforms: This use case is being developed on existing enterprise data and analytics platforms within the agency rather than procuring additional platforms or SaaS to operate.,Yes,,,,,,,,,,,,,,,,,,
CE Interview Item Code Estimation,Department of Labor,DOL,BLS,Mission-Enabling (internal agency support),N/A,None of the above.,"Custom machine learning model to predict an expense classification category (item code) for expenditures with text descriptions from Consumer Expenditure Interview Survey. Item Code Estimation assists with human function by approximating decision-making. It does not assign categories; it only suggests categories that the economist can then apply if correct, to speed up human review and decision-making. Benefits: improved productivity.",Expense Classification Category,Operation and Maintenance,Neither,10/1/2016,10/1/2016,7/19/2024,,Developed in-house.,N/A,No,N/A,N/A,NO,N/A,No,N/A,Yes,N/A,Agency-internal; expenditure descriptions and corresponding item code assignments,Documentation is complete,None,N/A,Yes,Yes,N/A,Yes,BLS Internal system,Less than 6 months,Yes,N/A,Yes,N/A,Yes,N/A,Use of existing data platforms: This use case is being developed on existing enterprise data and analytics platforms within the agency rather than procuring additional platforms or SaaS to operate.,Yes,,,,,,,,,,,,,,,,,,
CE Interview Imputations,Department of Labor,DOL,BLS,Mission-Enabling (internal agency support),N/A,None of the above.,"Custom machine learning statistical models to impute missing expenditure values within the Consumer Expenditure Interview Survey when survey respondents answer ""don't know"" or refuse to provide an answer for an amount. The machine learning models are a more modern statistical method for replacing missing data than previous statistical methods. Benefits: improved statistical quality of imputations.","
Imputed expense amounts",Operation and Maintenance,Neither,3/1/2020,3/1/2020,10/20/2024,,Developed in-house.,N/A,No,N/A,N/A,NO,N/A,No,N/A,Yes,N/A,Agency Generated,Documentation is complete,"age, gender, family structure, race, urbanicity, education, primary sampling unit",N/A,Yes,Yes,N/A,Yes,BLS Internal system,Less than 6 months,Yes,N/A,Yes,N/A,Yes,N/A,Use of existing data platforms: This use case is being developed on existing enterprise data and analytics platforms within the agency rather than procuring additional platforms or SaaS to operate.,Yes,,,,,,,,,,,,,,,,,,
Note taking bot,Department of Labor,DOL,OCIO,Mission-Enabling (internal agency support),N/A,None of the above.,"

The bot will take the transcript and summarize the meeting notes",The output will be a transcript of the meeting and from the transcript summary and action items,Initiated,Neither,10/2/2024,,,,,,,,,,,,,,,,,,,,,,,,,,,,,,,,,,,,,,,,,,,,,,,,,,
Determine Occupation Codes from Text (NIOCCS),Department of Labor,DOL,OSHA,Mission-Enabling (internal agency support),N/A,Digitizing text from scanned documents or smart forms for archival purposes using AI.,"The Industry and Occupation Computerized Coding System (NIOCCS), a free tool offered by NIOSH, used to code industry and occupation from text descriptions of job titles. (Public Tool) ",Occupational codes by analyzing job descriptions.,Acquisition and/or Development,Neither,,,,,,,,,,,,,,,,,,,,,,,,,,,,,,,,,,,,,,,,,,,,,,,,,,,
Camtasia,Department of Labor,DOL,OCIO,Education & Workforce,N/A,Creating visually appealing presentations using AI-driven design suggestions.,Intended for enhancing screen recordings and video tutorials. Helps users created professional videos quickly.,Videos,Acquisition and/or Development,Neither,,,,,,,,,,,,,,,,,,,,,,,,,,,,,,,,,,,,,,,,,,,,,,,,,,,
Adobe Premier Pro,Department of Labor,DOL,OCIO,Mission-Enabling (internal agency support),N/A,Creating visually appealing presentations using AI-driven design suggestions.,"Assists video editors by automating complex tasks such as scene detection, video reframing, and color grading.--- Adobe Premiere Pro incorporates several AI components through its integration with Adobe Sensei, Adobe's artificial intelligence and machine learning platform. These AI-driven features are designed to enhance the video editing process, improve efficiency, and provide creative tools that simplify complex tasks.",Intuitive videos,Operation and Maintenance,Neither,,,,,,,,,,,,,,,,,,,,,,,,,,,,,,,,,,,,,,,,,,,,,,,,,,,
Audiate,Department of Labor,DOL,OCIO,Education & Workforce,N/A,Transcribing and summarizing a recorded meeting or interview using AI.,"Audiate primarily uses AI for  Speech-to-text transcription, text-based audio and video editing, AI-generated scripts and audio, text-to-speech conversion, and multilingual translation. ",Text transcriptions from voice recordings.,Acquisition and/or Development,Neither,,,,,,,,,,,,,,,,,,,,,,,,,,,,,,,,,,,,,,,,,,,,,,,,,,,
SnagIT,Department of Labor,DOL,OCIO,Education & Workforce,N/A,Digitizing text from scanned documents or smart forms for archival purposes using AI.,"SnagIT provides tools for quickly capturing, editing, and sharing visual content. SnagIt's Optional Character Recognition streamlines the process for extracting and reusing text from images.","Screenshots and screen recordings.  SnagIt AI’s Grab Text
Image Generation
Automatic Captions
Automatic Titles ",Acquisition and/or Development,Neither,,,,,,,,,,,,,,,,,,,,,,,,,,,,,,,,,,,,,,,,,,,,,,,,,,,
Facebook Mobile App,Department of Labor,DOL,OCIO,Mission-Enabling (internal agency support),N/A,Curating news articles and updates based on user preferences using AI.,"AI is not the primary technology of the use case and is not necessary for the use case, but rather a feature within the application that cannot be turned off. The application use case is for PR needs and external communication to the public coming from the Department. ","MetaAI offer search and chatbot assistance with the Facebook application. Ask Meta AI to search topics that matter to you, and get instant results more interactive than just text.",Operation and Maintenance,Neither,,,,,,,,,,,,,,,,,,,,,,,,,,,,,,,,,,,,,,,,,,,,,,,,,,,
Google Authenticator Mobile App,Department of Labor,DOL,OCIO,Mission-Enabling (internal agency support),N/A,Unlocking smartphones or other devices without the need for passwords or PINs using AI-based facial recognition.,"Google Authenticator adds an extra layer of security to your online accounts by adding a second step of verification when you sign in. This means that in addition to your password, you'll also need to enter a code that is generated by the Google Authenticator app on your phone",Large number generation for matching for secure login.,Operation and Maintenance,Neither,,,,,,,,,,,,,,,,,,,,,,,,,,,,,,,,,,,,,,,,,,,,,,,,,,,
Google Maps Mobile App,Department of Labor,DOL,OCIO,Mission-Enabling (internal agency support),N/A,Planning travel routes using AI-driven map applications.,"Get there faster with real-time updates
• Beat traffic with real-time ETAs and traffic conditions
• Catch your bus, train, or ride-share with real-time transit info
• Save time with automatic rerouting based on live traffic, incidents, and road closure
• With Live View in Google Maps, see the way you need to go with arrows and directions placed right on top of your world. There’s no second guessing or missing another turn.","Recommendation systems, real-time traffic and route prediction",Operation and Maintenance,Neither,,,,,,,,,,,,,,,,,,,,,,,,,,,,,,,,,,,,,,,,,,,,,,,,,,,
Instagram Mobile App,Department of Labor,DOL,OCIO,Mission-Enabling (internal agency support),N/A,Curating news articles and updates based on user preferences using AI.,"Keep up with friends on the fly with Stories and Notes that disappear after 24 hours.
Start group chats and share unfiltered moments with your Close Friends.
Share memories from recent events or trips in Feed.
Turn your life into a movie and discover short, entertaining videos on Instagram with Reels.
Customize your posts with exclusive templates, music, stickers and filters.","NLP, Communications",Operation and Maintenance,Neither,,,,,,,,,,,,,,,,,,,,,,,,,,,,,,,,,,,,,,,,,,,,,,,,,,,
Microsoft Authenticator Mobile App,Department of Labor,DOL,OCIO,Mission-Enabling (internal agency support),N/A,Unlocking smartphones or other devices without the need for passwords or PINs using AI-based facial recognition.,"Use Microsoft Authenticator for easy, secure sign-ins for all your online accounts using multi-factor authentication, passwordless, or password autofill. You also have additional account management options for your Microsoft personal, work or school accounts.","Authentication, random large number generation",Operation and Maintenance,Neither,,,,,,,,,,,,,,,,,,,,,,,,,,,,,,,,,,,,,,,,,,,,,,,,,,,
Periscope Mobile App,Department of Labor,DOL,OCIO,Mission-Enabling (internal agency support),N/A,Curating news articles and updates based on user preferences using AI.,"Periscope the place to show what’s happening in your world, creating vibrant communities and making the app what it was. The Periscope mobile app will be discontinued on March 31, 2021, but live video will live on as an important part of the conversation on Twitter.","NLP, Communications",Operation and Maintenance,Neither,,,,,,,,,,,,,,,,,,,,,,,,,,,,,,,,,,,,,,,,,,,,,,,,,,,
X (formerly Twitter) Mobile App,Department of Labor,DOL,OCIO,Mission-Enabling (internal agency support),N/A,Curating news articles and updates based on user preferences using AI.,"Post content for the world to see and join public conversations
Stay up to date on breaking news and follow your interests
Stay better informed with extra context from Community Notes
Go live with Spaces for audio or stream live video
Communicate privately with Direct Messages","NLP, Communications",Acquisition and/or Development,Neither,,,,,,,,,,,,,,,,,,,,,,,,,,,,,,,,,,,,,,,,,,,,,,,,,,,
Dragon Naturally Speaking,Department of Labor,DOL,OCIO,Mission-Enabling (internal agency support),N/A,Transcribing and summarizing a recorded meeting or interview using AI.,"Nuance Dragon Naturally Speaking is a software used for diction purposes, you can write any document, email, and use it with any applications using your voice.",NLP: text to voice. Audio output from text input,Operation and Maintenance,Neither,,,,,,,,,,,,,,,,,,,,,,,,,,,,,,,,,,,,,,,,,,,,,,,,,,,
ZoomText and ZoomText Professional,Department of Labor,DOL,OCIO,Education & Workforce,N/A,Improving the quality of written communications using AI tools.,ZoomText Magnifier/Reader is a fully integrated magnification and reading program tailored for low-vision users.,Text to speech,Operation and Maintenance,Neither,,,,,,,,,,,,,,,,,,,,,,,,,,,,,,,,,,,,,,,,,,,,,,,,,,,
Visual Studio,Department of Labor,DOL,OCIO,Mission-Enabling (internal agency support),N/A,Collaborating in real-time using AI-assisted tools in word processors.,"Visual Studio IDE is a creative launching pad that you can use to edit, debug, and build code, and then publish an app.","Content creation. Can vary depending on the specific tasks and goals of the user. Common outputs include executable applications, libraries, or web applications. --- There are multiple version of it. Visual Studio incorporates several AI components to enhance the development experience for programmers and software engineers. These AI features are primarily aimed at improving productivity, code quality, and collaboration.",Operation and Maintenance,Neither,,,,,,,,,,,,,,,,,,,,,,,,,,,,,,,,,,,,,,,,,,,,,,,,,,,
ABBYY FineReader,Department of Labor,DOL,OCIO,Mission-Enabling (internal agency support),N/A,Digitizing text from scanned documents or smart forms for archival purposes using AI.,"ABBYY FineReader is an optical character recognition (OCR) system. It is used to convert scanned documents, PDF documents, and image files, including digital photos, into editable formats.","The output of ABBYY FineReader is the extracted and recognized text from the input document. It converts the text into editable formats such as Word documents, Excel spreadsheets, searchable PDFs, or plain text files. Text generation, Image to text ",Operation and Maintenance,Neither,,,,,,,,,,,,,,,,,,,,,,,,,,,,,,,,,,,,,,,,,,,,,,,,,,,
Google Earth Pro,Department of Labor,DOL,OCIO,Mission-Enabling (internal agency support),N/A,Planning travel routes using AI-driven map applications.,"Google Earth Pro is a free desktop tool with advanced GIS and mapping features. With this tool, users can create maps, import and export GIS data, and access historical images.","A 3D representation of the Earth's surface, with satellite imagery and aerial photography providing a detailed view of different locations worldwide. --- Create and collaborate on immersive, data-driven maps from anywhere, with the new Google Earth. See the world from above with high-resolution satellite imagery, explore 3D terrain and buildings in hundreds of cities, and dive in to streets and neighborhoods with Street View's 360° perspectives. Image Generation Content creation Graphic Design Automation",Operation and Maintenance,Neither,,,,,,,,,,,,,,,,,,,,,,,,,,,,,,,,,,,,,,,,,,,,,,,,,,,
Adobe Creative Cloud and Adobe Product Suite,Department of Labor,DOL,OCIO,Mission-Enabling (internal agency support),N/A,Creating visually appealing presentations using AI-driven design suggestions.,"After Effects - Create cinematic movie titles, intros, and transitions. Remove an object from a clip. Start a fire or make it rain. Animate a logo or character. With After Effects, the industry-standard motion graphics and visual effects software, you can take any idea and make it move.

- > Audition is a comprehensive toolset that includes multitrack, waveform, and spectral display for creating, mixing, editing, and restoring audio content. This powerful audio workstation is designed to accelerate video production workflows and audio finishing — and deliver a polished mix with pristine sound.

- > Bridge is a powerful creative asset manager that lets you preview, organize, edit, and publish multiple creative assets quickly and easily.

- > Captivate is an authoring tool that is used for creating eLearning content such as software demonstrations, software simulations, branched scenarios, and randomized quizzes in HTML5 format.

- > Character Animator uses your expressions and movements to animate characters in real time.

- > Dimension - Create engaging content in 3D faster, with high-quality models, materials, and lighting. Dimension makes it easy to build brand visualizations, illustrations, product mockups, packaging designs, and other creative work.

- >Dreamweaver - Adobe Dreamweaver is a proprietary web development tool from Adobe Inc.

- >  Fuse CC Beta is part of Creative Cloud and comes with Adobe CreativeSync, so your assets are always at your fingertips right when you need them. Save the characters you create in Fuse to your Creative Cloud Libraries and then access them directly within Photoshop to take them further.

- > Illustrator - Edit, composite, and create beautiful images, graphics, and art on desktop and iPad.

- > InCopy - lets copywriters and editors style text, track changes, and make simple layout modifications to a document.

- > InDesign - Design and publish elegant layouts for print and digital.

- > LightRoom - The cloud-based photo service

- > PhotoShop - Edit, composite, and create beautiful images, graphics, and art on desktop and iPad.

- > Premiere Pro is a video editing software for film, TV, the web, creative tools, and integration with other apps and services.

- > XD is a vector-based user experience design tool for web apps and mobile apps.","Various types of creative content such as graphics, videos, websites, and more. --- Adobe Creative Cloud leverages AI through Adobe Sensei to enhance various applications, making creative processes more efficient, accurate, and innovative.",Operation and Maintenance,Neither,,,,,,,,,,,,,,,,,,,,,,,,,,,,,,,,,,,,,,,,,,,,,,,,,,,
Autodesk,Department of Labor,DOL,OCIO,Mission-Enabling (internal agency support),N/A,Creating visual representations of data sets for reports and presentations using AI.,Autodesk Civil 3D® design software empowers civil engineers to meet complex infrastructure challenges in a 3D model-based environment.,"Detailed 3D models and visual simulations for civil engineering projects. ---  Autodesk Civil 3D incorporates AI components and features that enhance civil engineering design and drafting processes. These features leverage machine learning and automation to improve productivity, accuracy, and efficiency in tasks related to land development, transportation, and infrastructure projects.",Operation and Maintenance,Neither,,,,,,,,,,,,,,,,,,,,,,,,,,,,,,,,,,,,,,,,,,,,,,,,,,,
AI Course Design Assistant,Department of Labor,DOL,OCIO,Mission-Enabling (internal agency support),N/A,Improving the quality of written communications using AI tools.,"AI tool to recommend the structure of a course, titles for modules, descriptions, and images. AI-powered algorithms analyze course content and quickly generate test questions and prompts for authentic assessments. (Blackboard/COTS Product, unmodified)","Generated text and images for Course outlines, descriptions, tests/assessments.",Operation and Maintenance,Neither,,,,,,,,,,,,,,,,,,,,,,,,,,,,,,,,,,,,,,,,,,,,,,,,,,,
Webex Meeting Transcription,Department of Labor,DOL,OCIO,Mission-Enabling (internal agency support),N/A,Transcribing and summarizing a recorded meeting or interview using AI.,"Webex has an internal transcription feature that is used to transcribe webinars, though it is reviewed by someone before the transcript is posted.",Real-time transcriptions of spoken words during meetings.,Initiated,Neither,,,,,,,,,,,,,,,,,,,,,,,,,,,,,,,,,,,,,,,,,,,,,,,,,,,
Omni Page Ultimate 19,Department of Labor,DOL,OCIO,Mission-Enabling (internal agency support),N/A,Digitizing text from scanned documents or smart forms for archival purposes using AI.,Convert physical documents or image-based text into editable digital text.,"Searchable and editable text from scanned or image-based documents. Object recognition OCR
Document Digitization
Text Recognition",Operation and Maintenance,Neither,,,,,,,,,,,,,,,,,,,,,,,,,,,,,,,,,,,,,,,,,,,,,,,,,,,
Tableau Public 2023,Department of Labor,DOL,OCIO,Mission-Enabling (internal agency support),N/A,Creating visually appealing presentations using AI-driven design suggestions.,"Allows users to share data visualizations, providing interactive insights.","Interactive visualizations such as charts, graphs, and dashboards that are easy to interpret and share. Data visualization
Data Classification
Predictive Analytics",Operation and Maintenance,Neither,,,,,,,,,,,,,,,,,,,,,,,,,,,,,,,,,,,,,,,,,,,,,,,,,,,
Adobe Acrobat Professional Latest Version,Department of Labor,DOL,OCIO,Mission-Enabling (internal agency support),N/A,Improving the quality of written communications using AI tools.,Streamlines document workflows.,"Text-searchable PDFs, form-filled documents, and automatically structured files. Document management
PDF Text Recognition (OCR)
Document Layout Analysis",Operation and Maintenance,Neither,,,,,,,,,,,,,,,,,,,,,,,,,,,,,,,,,,,,,,,,,,,,,,,,,,,
Tableau Creator (Desktop and Prep),Department of Labor,DOL,OCIO,Mission-Enabling (internal agency support),N/A,Creating visual representations of data sets for reports and presentations using AI.,"Enable analysts to connect, prepare, and visualize data.","visual data dashboards, reports, and predictive models. Data Analysis
Predictive Analytics
Data Classification",Operation and Maintenance,Neither,,,,,,,,,,,,,,,,,,,,,,,,,,,,,,,,,,,,,,,,,,,,,,,,,,,
Grammarly 14,Department of Labor,DOL,OCIO,Mission-Enabling (internal agency support),N/A,Improving the quality of written communications using AI tools.,"Improve writing by correcting grammar, punctuation, and style errors while suggesting tone adjustments. NLP
Grammar Correction
Tone Detection","Grammatically correct, well-structured, and contextually appropriate text.",Operation and Maintenance,Neither,,,,,,,,,,,,,,,,,,,,,,,,,,,,,,,,,,,,,,,,,,,,,,,,,,,
Adobe Creative Cloud with Acrobat Pro Latest Version,Department of Labor,DOL,OCIO,Mission-Enabling (internal agency support),N/A,Creating visual representations of data sets for reports and presentations using AI.,"Intended for enhancing creative workflows by automating repetitive tasks, improving accuracy of search functions, and enabling more advanced image manipulation and video editing. Object recognition
Image Generation
NLP","Images, Videos, Content",Operation and Maintenance,Neither,,,,,,,,,,,,,,,,,,,,,,,,,,,,,,,,,,,,,,,,,,,,,,,,,,,
Microsoft Project Office 365,Department of Labor,DOL,OCIO,Mission-Enabling (internal agency support),N/A,Scheduling meetings or appointments or setting reminders using AI.,"Assists project managers in planning, scheduling, and managing resources. Project Scheduling
Task automation
Resource Allocation","Optimized project timelines, resource schedules, and predictive alerts.",Operation and Maintenance,Neither,,,,,,,,,,,,,,,,,,,,,,,,,,,,,,,,,,,,,,,,,,,,,,,,,,,
Stata/MP 18,Department of Labor,DOL,OCIO,Mission-Enabling (internal agency support),N/A,Creating visual representations of data sets for reports and presentations using AI.,"Provides advanced statistical tools for data scientists and researchers to analyze large datasets and build predictive models. Statistical modeling
Data Analysis
Predictive Analytics","Statistical analysis reports, regression models, and predative insights based on large data sets.",Operation and Maintenance,Neither,,,,,,,,,,,,,,,,,,,,,,,,,,,,,,,,,,,,,,,,,,,,,,,,,,,
Dragon Legal Individual (Speech Recognition) ,Department of Labor,DOL,OCIO,Mission-Enabling (internal agency support),N/A,Transcribing and summarizing a recorded meeting or interview using AI.,Helps legal professionals transcribe spoken language into text.,Outputs transcriptions of legal dictations and spoken languages.,Operation and Maintenance,Neither,,,,,,,,,,,,,,,,,,,,,,,,,,,,,,,,,,,,,,,,,,,,,,,,,,,
Speechify Text to Speech Voice Reader Chrome Extension 9,Department of Labor,DOL,OCIO,Mission-Enabling (internal agency support),N/A,Transcribing and summarizing a recorded meeting or interview using AI.,Converts written text into natural-sounding speech.,Synthesized speech from written text in various voices and languages.,Operation and Maintenance,Neither,,,,,,,,,,,,,,,,,,,,,,,,,,,,,,,,,,,,,,,,,,,,,,,,,,,
Adobe Creative Cloud / Adobe Express AI feature,Department of Labor,DOL,OCIO,Mission-Enabling (internal agency support),N/A,Creating visually appealing presentations using AI-driven design suggestions.,Helps users create visual content quickly through AI-driven automation.,"Graphics, posters, and social media content. Image Generation
Content Creation
Graphic Design Automation",Operation and Maintenance,Neither,,,,,,,,,,,,,,,,,,,,,,,,,,,,,,,,,,,,,,,,,,,,,,,,,,,
Westlaw Precision & CoCounsel,Department of Labor,DOL,OCIO,Law & Justice,N/A,Searching for information using AI.,"Helps professionals find relevant case law, statutes, and legal precedents.","Legal documents, case analysis, and predictions for legal outcomes.",Operation and Maintenance,Neither,,,,,,,,,,,,,,,,,,,,,,,,,,,,,,,,,,,,,,,,,,,,,,,,,,,
Kurzweil,Department of Labor,DOL,OCIO,Mission-Enabling (internal agency support),N/A,Transcribing and summarizing a recorded meeting or interview using AI.,"Kurzweil 1000 makes printed or electronic text accessible to people with blindness and visual impairments, speaking text aloud in a variety of natural-sounding voices that can be modified to individual preferences.",NLP: text to voice. Audio output from text input,Operation and Maintenance,Neither,,,,,,,,,,,,,,,,,,,,,,,,,,,,,,,,,,,,,,,,,,,,,,,,,,,
Microsoft Office Suite,Department of Labor,DOL,OCIO,Mission-Enabling (internal agency support),N/A,Improving the quality of written communications using AI tools.,"Microsoft Office Suite is a collection of productivity software applications developed by Microsoft. It is widely used for various personal, educational, and business tasks","create slideshows combining text, images, and multimedia. creating, editing, and formatting text documents",Operation and Maintenance,Neither,,,,,,,,,,,,,,,,,,,,,,,,,,,,,,,,,,,,,,,,,,,,,,,,,,,
