agency,use_case_name,bureau_component,stage_normalized,ai_classification_normalized,is_generative_ai,is_general_llm_access,is_coding_tool,ai_sophistication,tool_product_name,system_name,vendor_name,development_type,has_custom_code,problem_statement,expected_benefits,system_outputs
USDA,AI for Environmental Permitting Review,Office of the Chief Information Officer,pilot,Natural Language Processing,0,0,0,nlp_specific,,,,b) Developed in-house,Yes,"The environmental review process is lengthy and burdensome. We are using AI at several steps in our proposed environmental review solution, including an AI evaluation stage and in comment processing.","Faster time to environmental permit issuance, with fewer people and hours needed to get to a ""break ground"" phase.","For the AI evaluation stage, the output is a prediction that a given application is either a simple ""Categorical Exclusion,"" or requires more human intervention."
USDA,AI for regional forest mapping and monitoring,Natural Resources and Environment,deployed,Classical/Predictive Machine Learning,0,0,0,computer_vision,,,Oregon State University,c) Developed with both contracting and in-house resources,Yes,The purpose of this model is to use existing satellite images and forest survey data from the USDA Forest Service to create detailed maps of forest structures. Continuing research to understand and communicate errors and uncertainties in mapping and to improve algorithms over time.,"In addition to basic and applied research innovations, the application provides maps of forest structure (e.g., tree density and size, timber volume) and composition (tree species) which supports National Environmental Policy Act (NEPA) and other planning operations. These data may provide cost savings by either reducing the need to generate independent data through geographic information systems or field work. This research will help land managers be more effective and efficient with their planning.","The model outputs Geographic Information System (GIS) data that are predictions of forest attributes, such as tree density and tree species data in a study area."
USDA,ARGUS AI Supply Chain Interference,Office Of Homeland Security,deployed,Agentic AI,1,0,0,agentic,,ARGUS,ACCRETE AI Government,a) Purchased from a vendor,Yes,Identify potential risks in the supply chain.,"As a specialty-focused information resource, ARGUS AI Supply Chain Influences core strength is its ability to collect, organize, and summarize open-source information relating to suppliers.","Data analytics, reports, summaries, maps relationships, knowledge graphs"
USDA,Alisha OCR Reader,Natural Resources and Environment,pilot,Classical/Predictive Machine Learning,0,0,0,classical_ml,,,,b) Developed in-house,Yes,Automates data extraction from OF-286 (Emergency Equipment Use) invoice forms,"Enhanced workflow efficiency, better knowledge management, improved accuracy & consistency, frees up staff to focus on strategic tasks rather than manual document handling.",Outputs an excel document
USDA,American Recovery Act Classification Tool,Natural Resources and Environment,pilot,Natural Language Processing,0,0,0,nlp_specific,,,,b) Developed in-house,Yes,"This project will use AI/ML to better understand how contracts and agreements funded through the American Relief Act support disaster response themes across the country, such as road repair, timber salvage, and recreation site rehabilitation.",This project will promote accountability and enable public reporting of expenditures.,The outputs are probabilities for each need category identified in the American Recovery Act. A highly confident prediction will categorize a document into one or more categories while a less-confident result will flag the document for human review.
USDA,Annual Soil Refresh Data Staging Server Automation,Farm Production and Conservation,pilot,Computer Vision,0,0,0,computer_vision,,UIPath Studio,UIPath Studio,a) Purchased from a vendor,No,The process for adding new data to the Staging Server is repetitive and time consuming. We utilize the commercial software UIPath Studio with computer vision to automate this process.,Automates a portion of this process so that it can be done more efficiently and reduce the number of labor hours spent.,The UIPath software follows the directions provided by staff and completes the task with minimal intervention.
USDA,App for predicting soil temperature during prescribed burns,Natural Resources and Environment,pilot,Classical/Predictive Machine Learning,0,0,0,classical_ml,,,,b) Developed in-house,Yes,It is a tool to assist managers with determining the predicted soil temperature based on fuel load.,"By determining the expected soil temperature, managers can determine how best to do a prescribed burn without damaging tree root systems which could lead to tree death",Prediction of soil temperature
USDA,Approximate String Matching (aka fuzzy matching) to Standardize Data,Marketing and Regulatory Programs,deployed,Natural Language Processing,0,0,0,nlp_specific,,,,b) Developed in-house,No,"Entities (producers, commodities, facilities, etc) use different names in our data systems, making accurate analysis by entity impossible without matching and resolving them.","Benefits include reduced labor hours compared to manual data cleaning, makes near-real-time reporting possible, and increases data accuracy which enables program managers to conduct efficient policy enforcement and program monitoring.","A model is used to match variations of names in Plant Protection and Quarantine (PPQ) program data and apply standardized producer and commodity names. This results in clean, standardized data through an automated workflow."
USDA,Automated PDF Document Processing and Information Extraction,Marketing and Regulatory Programs,deployed,Natural Language Processing,0,0,0,nlp_specific,,,,b) Developed in-house,No,"Plant Protection and Quarantine (PPQ) has important program and workforce related information stored in thousands of PDFs, which cannot easily be used for analytics.","Benefits include making information accessible and timely, increasing data-driven decision making, and saving large amounts of time compared to previous manual methods used.",Machine-readable data tables
USDA,Automated Road Mapping,Natural Resources and Environment,pilot,Computer Vision,0,0,0,computer_vision,,,RedCastle Resources,c) Developed with both contracting and in-house resources,Yes,"Road and trail maps are essential for effective fire response, forest management, and public safety in wildland areas. Unfortunately, many existing maps are outdated or incomplete. Forest Service employees currently rely on time-consuming and labor-intensive methods like GPS mapping.",Effective implementation may enable the Forest Service to more comprehensively manage road network data at lower cost. Improved data can increase safety on federal lands.,The AI system produces high resolution images of mapped roads within areas managed by the Forest Service.
USDA,Axon+ Copilot Studio Chatbot,"Research, Education and Economics",pilot,Generative AI,1,1,0,general_llm,Microsoft Copilot Studio,,Microsoft,c) Developed with both contracting and in-house resources,No,To cut down the time staff spend searching our intranet for information to administer programs & projects and deliver answers that they would not be able to find otherwise.,Time savings for employees searching for internal information.,The chatbot will provide text outputs with links and citations to documents housed on our intranet (Axon+).
USDA,BirdNET to detect bird vocalizations for research and species monitoring,Natural Resources and Environment,deployed,Classical/Predictive Machine Learning,0,0,0,classical_ml,,,,b) Developed in-house,No,"BirdNET quickly scans thousands of hours of forest audio recordings to detect bird calls from species that are important for forest monitoring, like American goshawks, black-backed woodpeckers, spotted owls, and willow flycatchers.",This decreases the time and cost associated with manually listening to recordings to identify bird calls.,"The model outputs text files of bird calls, which include the bird species and time that the call was recorded."
USDA,Bugnet,Natural Resources and Environment,pilot,Classical/Predictive Machine Learning,0,0,0,classical_ml,,,Oregon State University,c) Developed with both contracting and in-house resources,Yes,"Detect and map locations of tree damage caused by insects and disease, separate from fire and harvest-caused damage.","The detection of forest damage using satellite imagery and AI is a safer, faster, and cost-efficient way to monitor forest conditions across entire states and in difficult to reach locations.",The outputs predict locations where forest change is likely caused by insect or disease damage as opposed to fire or harvest activity.
USDA,Census of Agriculture Propensity Scores via Machne Learning,"Research, Education and Economics",deployed,Classical/Predictive Machine Learning,0,0,0,classical_ml,,NASS REE CIPSEA Citrix Env,,b) Developed in-house,Yes,The Census of Agriculture is collected every 5 years and requires high participation levels from individuals and agricultural operations to provide relevant agricultural data to the nation.,This model predicts how likely individuals or operations are to complete the Census of Agriculture. The predictions can help data collectors decide where they need to focus their efforts in order to get more complete census responses.,The model outputs a probability score (all values from and including 0 to 1).
USDA,Chatbot for IT Customer Help Desk,Office of the Chief Information Officer,deployed,Generative AI,1,0,0,general_llm,,AgCloud,Steampunk,c) Developed with both contracting and in-house resources,No,The chatbot assists USDA staff with IT issues by answering common questions and initiating a support request if additional help is needed.,"Faster resolution of IT issues for customers, cost avoidance through fewer requests to helpdesk, decreased burden on helpdesk staff.","The chabot provides customers with self-service knowledge articles. If the issue cannot be resovled by self-service, the chatbot will initiate a support request to USDA's IT service managment system."
USDA,County-Level Remotely-Sensed Corn and Soybean Yield Estimation,"Research, Education and Economics",deployed,Classical/Predictive Machine Learning,0,0,0,computer_vision,,,,b) Developed in-house,No,The purpose of this tool is to estimate yearly corn and soybean yields for each county using satellite images.,Provide county-level crop yield statistics which allow stakeholders to make more informed planning and decisions.,County-level statistics on crop yield.
USDA,Cropland Data Layer,"Research, Education and Economics",deployed,Classical/Predictive Machine Learning,0,0,0,classical_ml,,Geo-enabled Earth Computing System (GEECS),,b) Developed in-house,No,Generating agricultural statistics,This project produces supplemental estimates of crop acreage for internal use and releases geospatial data products to the user community.,Outputs are acreage estimates (internal use) and agriculture-specific land cover product (external use).
USDA,DISTRIB-II: Habitat Suitability of Eastern United States Tree,Natural Resources and Environment,deployed,Classical/Predictive Machine Learning,0,0,0,classical_ml,,,,b) Developed in-house,No,The goal of this use case is to provide information about current and future habitat suitability of east United States tree species. Machine learning is used to develop models that can predict relative abundance of individual tree species in the future.,These models provide forest land managers with information about how habitats could change under various future scenarios which can assist in resource planning. The information provided by the models can also result in cost saving and resource effectiveness by reducing costs to manage unsuitable tree species and instead suggesting species that could be more suitable.,Outputs from this use case include predictive maps of individual tree species abundance at resolutions of 10 and 20-km grids across the eastern United States under current (1981 to 2010) and potential future climate projections (2070 to 2099).
USDA,Dam Inspection Report Document Processing,Farm Production and Conservation,deployed,Computer Vision,0,0,0,computer_vision,,AI Builder,,b) Developed in-house,No,"The AI use case allows our staff to identify the biggest issues and trends across 2,100+ dams.","The benefit and positive outcome from the AI is a wholistic understanding of dam issues across 2,100+ dams. This allows us to better analyze the data and build a risk-prioritization system to rank sites and projects to work on, reducing labor hours required to complete the task manually, and reducing the dependence on specific staff to maintain knowledge of each dam's inspection response.","The model outputs text and checkbox responses, including dam metadata, inspection issue responses (yes and no checkboxes), and further remarks on the issue regarding what has been or needs to be done on the dam."
USDA,Democratizing Data,"Research, Education and Economics",deployed,Natural Language Processing,0,0,0,nlp_specific,,,Coleridge Institute,c) Developed with both contracting and in-house resources,Yes,"Identifies which researchers are using National Agriculture Statistics Service (NASS) data, for what purpose, and when they used it.","Provides program evaluation, budget justification, and customer service.",Outputs a piece of text from a research article where the model has predicted National Agricultural Statistic Service (NASS) or Economic Research Service (ERS) data product usage.  Output texts were human validated prior to loading results to a dashboard.
USDA,Digital Soil Mapping,Farm Production and Conservation,pilot,Classical/Predictive Machine Learning,0,0,0,classical_ml,,The R Project for Statistical Computing; Arc Soil Inference Engine; System for Automatic Geoscientific Analyses; Google Earth Engine; Google Compute Platform,,b) Developed in-house,Yes,"The purpose of this project is to implement new soil map products at local, regional, and national scales to provide more explicit soil information than traditional soil mapping products.","The expected benefits are that AI streamlines the data development process, creates more consistent and detailed maps, and provides objective estimates of uncertainty to support conservation activities, decision makers, and environmental modelers.","Outputs include maps of soil type for selected local and regional project areas, including areas without any soil map products. Outputs also include continuous soil property maps representing individual soil properties predicted at seven depths for the continental United States."
USDA,Ecosystem Management Decision Support System (EMDS),Natural Resources and Environment,deployed,Classical/Predictive Machine Learning,0,0,0,classical_ml,Esri ArcGIS AI,Ecosystem Management Decision Support System,Mountain View Business Group Services,c) Developed with both contracting and in-house resources,Yes,This system provides decision support for environmental analysis and planning by using AI-powered tools in ArcGIS and QGIS.,Use of this system empowers stakeholders to make more informed and effective decisions about natural resource management.,"Outputs from this system include the identification of landscapes in need of management/maintenance, along with suggested management actions based on considerations such as cost, efficacy, and policy."
USDA,Esri ArcGIS Pro Deep Learning Modules,Natural Resources and Environment,deployed,Classical/Predictive Machine Learning,0,0,0,computer_vision,Esri ArcGIS AI,FS ACE,,b) Developed in-house,No,Object detection from aerial images,"The purpose of this tool is to enhance scientific modeling and analysis, which will standardize Geographic Information System (GIS) workflows for modeling and analytics.",The tools will output image classifications.
USDA,FSA FLP Chatbot,Farm Production and Conservation,pilot,Generative AI,1,0,0,general_llm,,,Amazon Web Services,c) Developed with both contracting and in-house resources,Yes,This AI use case is researching program handbooks and generating contextually and factually accurate responses from highly technical Farm Loan Program information.,Empowers employees to provide better service and cost savings via faster response times to program-specific questions. Increases accuracy of content and knowledge in program delivery.,The expected output is text answers to prompt questions.
USDA,File Rename,Farm Production and Conservation,pilot,Natural Language Processing,0,0,0,nlp_specific,,,,b) Developed in-house,No,This tool extracts specific text from a PDF and renames the file to comply with electronic standard naming conventions,Cost and time savings in regard to file management and data governance,Outputs either an updated file name or moves the document to a problem folder if specific text is not found
USDA,Fire Containment Suitability (FireCON),Natural Resources and Environment,pilot,Classical/Predictive Machine Learning,0,0,0,classical_ml,Microsoft Teams,,,b) Developed in-house,Yes,Identification and assessment of appropriate wildland fire containment locations to improve the quality of information available to incident command teams.,Improved efficiency and effectiveness of fire containment strategies.,"Outputs daily mapped probabilities summarizing weather, wind, topography, fuels, potential fire behavior, and other variables showing the suitability of wildfire containment for an area around an active wildfire and reduce uncertainty during wildfire management."
USDA,Fire Resilient Landscapes,Natural Resources and Environment,pilot,Classical/Predictive Machine Learning,0,0,0,classical_ml,,,,b) Developed in-house,Yes,Assists in planning treatments to reduce wildfire risk and calculate treatment costs,Cost savings and improving efficiencies,"Raster and vector surfaces, summary statistics, and graphics"
USDA,Foodborne Illness Source Attribution,Food Safety,pilot,Classical/Predictive Machine Learning,0,0,0,classical_ml,,,,b) Developed in-house,Yes,"The Interagency Food Safety Analytics Collaboration (IFSAC) - a partnership between the Centers for Disease Control and Prevention (CDC), the U.S. Food and Drug Administration (FDA), and the Food Safety and Inspection Service (FSIS) - has used computer-based methods to predict the likely sources of foodborne illnesses in humans.","Expected benefits include improving our understanding of what foods contribute the most to illnesses, which can help in creating measures and policies to reduce illnesses and improve food safety.","The model outputs predictions of likely sources of foodborne human illness cases, along with a confidence score of how probable it is that the illness came from the predicted source."
USDA,Forest Health Detection Monitoring,Natural Resources and Environment,pilot,Computer Vision,0,0,0,computer_vision,,,RedCastle Resources,c) Developed with both contracting and in-house resources,Yes,This project monitors forest health by detecting tree damage through changes in light patterns collected by satellites.,This detection method helps the Forest Health Protection program monitor forested areas that can't be checked on the ground or with aerial surveys.,The model predicts damaged areas based on image inputs.
USDA,Forest Health Protection: Survey and mapping of forest damage from insects and diseases using machine learning,Natural Resources and Environment,pilot,Classical/Predictive Machine Learning,0,0,0,classical_ml,,"Natural Resources and Environment (NRE) Forest Service (FS) Advanced platform for Technical Learning and Analytics in the Sciences (ATLAS), USFS Geospatial Platform","Kikaha Solutions, LLC",c) Developed with both contracting and in-house resources,Yes,Forest Health Protection is responsible for surveying ~500 million acres of forest for forest damage and mapping the risk of mortality from insects and diseases.,"Cost savings, increased work efficiency, expanded coverage over hard to reach locations",Predictions (GIS data and maps) used in decision making
USDA,Forest Inventory and Cruising using GAIA AI,Natural Resources and Environment,pilot,Classical/Predictive Machine Learning,0,0,0,classical_ml,,,GAIA AI,a) Purchased from a vendor,No,Intended to solve the problem of collecting forest inventory data in large areas with limited staff and time.,The AI use case has the potential to generate accurate forest inventory data with less staff and at a higher pace. Increasing the pace and scale of forest management and restoration.,"A tree list for forest inventory and volume determination (cruising), forest growth, and management data."
USDA,Forest Mapping using G-LiHT airborne data in interior Alaska,Natural Resources and Environment,pilot,Classical/Predictive Machine Learning,0,0,0,classical_ml,,,,b) Developed in-house,Yes,"This project supports the first comprehensive forest inventory of interior Alaska in the modern era. Machine learning techniques will be used to predict various forest attributes (volume, biomass, composition).","Use of multi-sensor airborne data will improve the accuracy and precision of forest inventory estimates over interior Alaska, improving the quality and reliability of products provided to the public.",Maps and tabular estimates of inventory attributes over all forested regions of interior Alaska.
USDA,Forest Plan review and planning support,Natural Resources and Environment,deployed,Generative AI,0,0,0,general_llm,,Advanced platform for Technical Learning and Analytics in the Sciences (ATLAS),Google,a) Purchased from a vendor,No,Opportunity to increase business productivity related to forest plan reviews by analyzing data and information at a rapid pace,"Speeding up analysis of data, improving service for public, and mission area enablement.",Outputs data analysis and extracted information
USDA,Forest fire effects remote sensing models,Natural Resources and Environment,pilot,Classical/Predictive Machine Learning,0,0,0,classical_ml,,,,b) Developed in-house,Yes,The AI use case is intended to predict the status of forests after wildfires.,The AI use case supports research into low-cost data sources for mapping forests after a fire.,"The AI system outputs predictions of aboveground biomass, dead aboveground biomass, live trees per hectare, and fire severity."
USDA,Forest habitat mapping for marbled murrelets,Natural Resources and Environment,pilot,Classical/Predictive Machine Learning,0,0,0,classical_ml,,,American Museum of Natural History,a) Purchased from a vendor,No,Mapping marbled murrelet nesting habitat across the Pacific Northwest over the last 30+ years.,High accuracy maps that can be used by land managers for planning and monitoring requirements under the Northwest Forest Plan.,Maps that predict the nesting habitat suitability for marbled murrelets.
USDA,GIS Invasive Tree Extraction for Field Level Users,Farm Production and Conservation,deployed,Computer Vision,0,0,0,computer_vision,,,,b) Developed in-house,Yes,The tool automatically identifies invasive Eastern Red Cedar trees from the surrounding landscape. This eliminates manual processing by planners.,Automated tool removes tedious maual process and returns planners' time to work on higher-value priorities. This saves time and money and provides better customer service.,It outputs a polygon that maps the boundary of the tree infestation.
USDA,Genomic Analyses of Pathogen Subtypes,Food Safety,pilot,Classical/Predictive Machine Learning,0,0,0,classical_ml,,,,b) Developed in-house,Yes,"The purpose of this use case is to use machine learning (ML) methods to group foodborne bacteria based on patterns in their genes, then connect this information with available health data to evaluate foodborne illness risk to public health.","Expected benefits include improving our understanding of foodborne illness, identifying key genes and trends, and evaluating those that are important for public health.","The model outputs predictions of foodborne illnesses with high public health risk, key genetic markers by importance, and emerging trends."
USDA,GovChat,"Research, Education and Economics",pilot,Generative AI,1,1,0,general_llm,,ARS AzureGov,Microsoft,a) Purchased from a vendor,No,AI assistant that helps with time consuming tasks such as getting answers to general inquiries using natural language,A general chatbot without a proprietary interface that can accelerate completion of mundane tasks by employees,Text-based responses to a users input prompts
USDA,Infosec Chatbot,Natural Resources and Environment,deployed,Generative AI,1,1,0,general_llm,,Advanced platform for Technical Learning and Analytics in the Sciences (ATLAS),Google,c) Developed with both contracting and in-house resources,Yes,Information Security AI is a Chatbot that uses generative artificial intelligence (AI) to support users by responding to questions on information security.,Decreases the time required to retrieve information from various National Institute of Standards and Technology (NIST) security publications.,Provides text outputs through retrieval-augmented generation (RAG) solution that uses data from National Institute of Standards and Technology (NIST) guidelines.
USDA,LANDFIRE,Natural Resources and Environment,deployed,Classical/Predictive Machine Learning,0,0,0,classical_ml,,LANDFIRE,,b) Developed in-house,Yes,Improve fire behavior prediction by mapping vegetation and detecting disturbances for the United States contributing to the downstream production of current fuel types and fuel metrics.,"Increasing accuracy in fire behavior prediction models and assessing, prioritizing, and reducing risk for firefighters and land managers.","LANDFIRE produces a comprehensive, consistent, and scientifically credible collection of more than 25 geospatial layers focusing on disturbance, vegetation, and fuel metrics that are used by fire behavior modeling on active wildfires, as well as for prescribed fire planning and smoke management."
USDA,LCAT - Land Change Analysis Technique,Farm Production and Conservation,pilot,Classical/Predictive Machine Learning,0,0,0,computer_vision,,,,b) Developed in-house,Yes,Generating landcover from imagery,"Benefits include reduced waste, fraud, and abuse; informed decision making; land use planning and crop reporting; habitat management",Maps of landcover
USDA,Landscape Change Monitoring System (LCMS),Natural Resources and Environment,deployed,Classical/Predictive Machine Learning,0,0,0,classical_ml,,,,b) Developed in-house,No,"LCMS produces annual vegetation cover change, land cover, land use, and tree canopy cover data on National Forest System lands and more broadly across the conterminous United States, Alaska, Puerto Rico, U.S. Virgin Islands, and Hawaii from 1985 through present.","Supporting agency priority initiatives such as quick and efficient monitoring of fire and fuels management across the landscape, documenting vegetation changes due to wildland and prescribed fire, tracking post-fire recovery and restoration work, maximizing the value of existing investments, reducing technical barriers, and improving mission outcomes.","The model outputs predictions of tree canopy cover, vegetation gain, vegetation loss, land cover, and land uses."
USDA,List Frame Deadwood Identification,"Research, Education and Economics",deployed,Classical/Predictive Machine Learning,0,0,0,classical_ml,,"Research, Education, and Economics (REE) - National Agricultural Statistics Service (NASS) - Citrix Environment",,b) Developed in-house,Yes,This model helps identify farms that may be out of business on the National Agricultural Statistics Service list. Parts of the model were used to create clear rules to identify these farms.,"The resulting list is more accurate and allows for smaller sample sizes, reducing the burden on respondents.",The output of the model was a probability score that a farm is out of business.
USDA,Long-term monitoring of northern spotted owl habitat and populations,Natural Resources and Environment,pilot,Classical/Predictive Machine Learning,0,0,0,classical_ml,,,,b) Developed in-house,No,"Machine learning methods are used to model and map forest structure and species composition as it relates to owl nesting and roosting in forests. Machine learning is also used to model and map annual time series of owl habitat that includes forest type and other variables, such as topography.",The time series maps are used to meet legal owl monitoring requirements and avoid potential litigation if not done. They also build trust with the general public and provide easy access for anyone to explore how these forests and habitats are changing through time in response to forest disturbances and growth.,"Annual time series of maps and periodic monitoring reports that summarize the data to inform adaptive management, such as Forest Plan revisions and amendments."
USDA,NAL Automated Indexing,"Research, Education and Economics",deployed,Natural Language Processing,0,0,0,nlp_specific,,ARSAzure,Expert AI (Cogito),c) Developed with both contracting and in-house resources,Yes,"Library content grows rapidly every year as knowledge expands, but it isn't possible for a small team of librarians to organize it manually, efficiently, and accurately at scale.",This system automatically assigns word tags to agricultural research articles from a controlled list of terms provided by the National Agricultural Library Thesaurus (NALT). The tags can be used to look up and retrieve articles. Using these tags benefits users by making it easier to find the content they are looking for.,The model outputs terms to use as search tags that are specific to the article analyzed.
USDA,NETS automated waterway design,Farm Production and Conservation,pilot,Agentic AI,0,0,0,classical_ml,,NRCS Engineering Tools Suite (NETS),Spatial Front Incorporated,a) Purchased from a vendor,Yes,Surveying for and creating engineering designs for relatively simple practices is time consuming and limits getting programs implemented for producers in a timely manner,"Reduces producer wait times for practice designs, reduces time investment in simple engineering survey and designs, efficiently uses taxpayer resources.","Auto-generated design for grassed waterways, lined waterways, and outlets within the National Resources Conservation Service (NRCS) Engineering Tools Suite environment"
USDA,NRE FS Customer Relationship Manager New Hire Experience (NRE FS CRM NHE) CSAM ID 2639,Natural Resources and Environment,deployed,Generative AI,1,0,0,general_llm,,NRE FS Customer Relationship Manager New Hire Experience (NRE FS CRM NHE),Salesforce,a) Purchased from a vendor,Yes,"There is a need for assisting end users in human resources, business and finance solutions, or processes and procedures",Provide guidance and assistance to the end user.,"Self help outputs text-based information and solutions for human resources, business and finance needs."
USDA,NWRC Genetics Metadata,Marketing and Regulatory Programs,pilot,Classical/Predictive Machine Learning,0,0,0,classical_ml,,,,b) Developed in-house,No,"Assist with data processing, convert data to standard format for publication, infer origin populations",Time savings for employees is the main expected benefit,"The system output is a recommendation, data sets processed to standard format"
USDA,NWRC LSS Bioinformatic Coding,Marketing and Regulatory Programs,pilot,Classical/Predictive Machine Learning,0,0,0,classical_ml,,,,b) Developed in-house,No,Troubleshoot code used in analysis,Time savings for employees is the main expected benefit,"Outputs are text-based and include identifed coding errors, suggestions for more efficient coding approaches, and development support for applications."
USDA,NWRC ND Field Station Birds and Agriculture Project,Marketing and Regulatory Programs,pilot,Classical/Predictive Machine Learning,0,0,0,classical_ml,,,,b) Developed in-house,No,"Use machine learning to detect, classify, and count birds damaging crops. Systems allowed to selectively deploy tools to disrupt bird activity.",Potential cost savings include automation of deterring bird damage to agricultural crops.,"The system output is bird detection, classification, count, and recommendation to deploy disruption tools"
USDA,NWRC Pepin ML & AI,Marketing and Regulatory Programs,pilot,Classical/Predictive Machine Learning,0,0,0,classical_ml,,,,b) Developed in-house,No,Analyze simulation data from computational models; staff burden of processing screen trail camera photos,"Decrease data processing time, save staff time",Identification of wildlife in photos; data analysis results from computer simulation models to inform wildlife disease management
USDA,NWRC Rabies ML A.D.,Marketing and Regulatory Programs,pilot,Classical/Predictive Machine Learning,0,0,0,computer_vision,,,,b) Developed in-house,No,Speeding up the processing and identification of species within trail camera images. Improving the ability to answer management questions.,Time savings for employees is the main expected benefit,"Outputs include information on images captured by the trail camera, such as the species of animal in the image and how many there are. Additional outputs include information identifying the factors that are deemed most important for making and explaining image predictions."
USDA,NWRC Rabies ML M.H.,Marketing and Regulatory Programs,pilot,Classical/Predictive Machine Learning,0,0,0,classical_ml,,,,b) Developed in-house,No,"Speeding up the processing and analysis of large genomic datasets to track diseased animals, which helps inform managers the best course of action for emergency response and intervention to limit virus spread.",Time savings for employees is the main expected benefit,"Outputs include estimated locations for unknown samples, as well as a summary explaining what the analysis found and how reliable it is."
USDA,Nutrition Education & Local Access Dashboard,"Food, Nutrition, and Consumer Services",deployed,Classical/Predictive Machine Learning,0,0,0,classical_ml,Tableau,Tableau,Accenture,c) Developed with both contracting and in-house resources,Yes,"The goal of this dashboard is to provide county-level information on nutrition education and local food access, alongside other metrics related to hunger and nutritional health. This interactive dashboard can provide specific details based on the properties of farm to school intensity and size, program activity intensity, demographics, fresh food access, school size, and program participation. These properties allow users to find similar states based on any of these characteristics, opening up opportunities for partnerships with states they may not have considered.","Benefits include consolidating related data in one location for informing nutrition programming, and identify potential partners for nutrition programs based on similarities.",The model outputs groups of similar counties/states based on the different combinations of properties available for states.
USDA,Operational Water Supply Forecasting for Western US Rivers,Farm Production and Conservation,deployed,Classical/Predictive Machine Learning,0,0,0,classical_ml,,,,b) Developed in-house,Yes,Improved predictions of seasonal water supply forecasts to support irrigated agriculture planning.,"The National Water and Climate Center has a multi-model machine-learning metasystem (M4) for generating water supply forecasts. This model uses AI and other data-science technologies to reduce forecast errors, helping stakeholders make better decisions about water supply availability.",The model outputs water supply forecasts.
USDA,Policy Analysis,Natural Resources and Environment,deployed,Classical/Predictive Machine Learning,0,0,0,classical_ml,,Advanced platform for Technical Learning and Analytics in the Sciences (ATLAS),,b) Developed in-house,Yes,Review roughly 1500 handbooks and policies to identify any duplications and perform information extraction for analysis.,Decrease time requirement and increase effectiveness of policy and handbook reviews,"Returns extracts and various text segments from statutes, regulations, executive orders, secretary memos, and department directives."
USDA,Potential Control Location Suitability,Natural Resources and Environment,pilot,Classical/Predictive Machine Learning,0,0,0,classical_ml,,,,b) Developed in-house,Yes,Identification of strategic fire control locations for pre-fire planning and wildfire management,"Improving wildfire management outcomes, communication during fire planning, prioritizing investments for strategic fuel treatments.",A predictive map of relative fire control suitability given past fire containment successes and failures.
USDA,Predicting fire severity potential in future wildfires in California,Natural Resources and Environment,pilot,Classical/Predictive Machine Learning,0,0,0,classical_ml,,,,b) Developed in-house,Yes,Provide information on where high fire severity (high vegetation mortality) is likely to occur during future wildfires. Provides information for planning where to conduct management activities to lower the adverse effects of future wildfire.,Cost savings. Reducing adverse effects of wildfire on forest resources and human communities.,End product is a series of fire severity maps that estimate or predict where future wildfire will burn hotter and cause more vegetation mortality.
USDA,Predictive Cropland Data Layer,"Research, Education and Economics",deployed,Classical/Predictive Machine Learning,0,0,0,classical_ml,,,,b) Developed in-house,Yes,The purpose of this system is to predict crop rotations.,Benefits include improving data quality of area-based surveys and providing assistance to field office personnel.,The system outputs predictions of the types of crops in specific locations within the Conterminous United States (CONUS).
USDA,Predictive flood modeling,Natural Resources and Environment,deployed,Classical/Predictive Machine Learning,0,0,0,classical_ml,,CULVERT,,b) Developed in-house,Yes,"The model is intended to solve the overtopping and/or failure of at-risk road culverts (drains) due to projected future extreme weather induced flooding, by identifying potential undersized culverts prior to field visit.",Reducing risks to forest access following future flooding and fire. Reducing costs associated with road management and repair besides the restoration costs of the drains themselves.,The model outputs are predicted water and sediment release during floods caused by future extreme weather to determine the vulnerability level of culverts (drains).
USDA,ProcureSight,Departmental Administration,deployed,Generative AI,0,0,0,general_llm,,,ProcureSight,a) Purchased from a vendor,No,The primary use is to assist with market research and responsibility determination.,"This is a free solution and it use will increase procurement professional productivity as ProcureSight transforms public datasets from SAM.gov and USASpending, enabling users to perform highly precise searches against this public procurement data. This is cost saving and improving government efficency.",The system outputs search results
USDA,ROE Document Recognition - RoeDR,Farm Production and Conservation,deployed,Natural Language Processing,0,0,0,nlp_specific,,,,b) Developed in-house,No,"The purpose of this model is to automate a slow manual process by analyzing documents from producers and Authorized Insurance Providers (AIPs), picking the appropriate page from the documents, reading the signature date and producer signature name, converting the date and name to text, and loading it into an application.",Saves employee time processing written agreements and having to input the data manually.  We can then use the data for reporting purposes.,The model outputs groups of similar counties/states based on the different combinations of properties available for states.
USDA,Random Forest with Aquatic Effectiveness Monitoring,Natural Resources and Environment,pilot,Classical/Predictive Machine Learning,0,0,0,classical_ml,,,,b) Developed in-house,Yes,Protecting aquatic ecosystems and restoring watershed processes can be improved by understanding predictors of sediment in streams after wildfire.,Aids in protecting aquatic ecosystems and restoring watershed processes.,Outputs identified predictors for protecting aquatic ecosystems and restoring watershed processes
USDA,Rangeland Analysis Platform,"Research, Education and Economics; Farm Production and Conservation",deployed,Classical/Predictive Machine Learning,0,0,0,classical_ml,Rangeland Analysis Platform,Rangeland Analysis Platform,"Google Cloud, University of Montana, New Mexico State University",c) Developed with both contracting and in-house resources,Yes,"Provides ranchers and land managers with information to detect and manage invasive species spread, wildfire risks, woody species encroachment, wildlife habitat condition, and wind erosion risks with high precision across the western U.S.","The Rangeland Analysis Platform (RAP) allows users to track changes in plant growth and coverage over time. By monitoring the condition of agricultural ecosystems and the impact of conservation efforts, it can guide conservation practices, invasive species management, drought and wildfire responses, and wildlife habitats.",Generates detailed maps showing rangeland vegetation cover and vegetation production across the U.S. Also provides imagery analysis and reporting to the end user
USDA,Raster Tools,Natural Resources and Environment,pilot,Classical/Predictive Machine Learning,0,0,0,classical_ml,,,,b) Developed in-house,Yes,Integrating geospatial analysis with AI in parallel.,"This system will make machine learning techniques available for geospatial applications. Benefits include standardization of methods, improved work quality, and increased user productivity.","The system API (Application Programming Interface) provides various AI outputs, usually in the form of images and data tables."
USDA,Recreation One Stop use of AI,Natural Resources and Environment,deployed,Generative AI,1,0,0,general_llm,,Recreation.gov,Booz Allen Hamilton,a) Purchased from a vendor,Yes,"There is an administrative burden in booking sites and planning trips to Forest Service land. Recreation One Stop is a tool to support bookings and provide alternatives where there is no availability, provide awareness via recommendations of various inventories to support trip planning, and to capture large amounts of content into a summarized version for easier readability within ratings and reviews.","Benefits to the public include improved customer service, increased occupancy rates at federal campgrounds, greater stewardship of natural resources and the environment, and removing barriers to the American public in support of Executive Order 14179.","Some expected AI system outputs include personalized recommendations, ratings and reviews summaries, and filtered user interfaces that enable users to search for campgrounds and campsites activity."
USDA,Recreation site chatbot,Natural Resources and Environment,pilot,Natural Language Processing,0,0,0,general_llm,,,University of Washington,c) Developed with both contracting and in-house resources,No,Estimating recreation use at recreation sites.,Addressing requirements of the federal Expanding Public Lands Outdoor Recreation Experiences (EXPLORE) Act.,A dataset of text provided by recreation visitors.
USDA,"Regression, Classification, Clustering with Hilbert Curves",Natural Resources and Environment,pilot,Classical/Predictive Machine Learning,0,0,0,classical_ml,,,,b) Developed in-house,Yes,Implementation of many machine learning techniques into applied research,Better predictions in applied research that cost less to implement.,Raster and vector surfaces and predictive models.
USDA,Repair Spend,"Research, Education and Economics",deployed,Natural Language Processing,0,0,0,nlp_specific,Tableau,"Enterprise Data Analytics Platform & Toolset (EDAPT, Impala, Tableau)",Accenture,c) Developed with both contracting and in-house resources,Yes,"The AI is to review financial documents and then classify each expense as money spent on ""facility repairs"" or ""not facility repairs"".",The expected benefits include reduction of manual hours identifying the types of transactions.,"The output of the model is a recommendation of which financial transactions should be identified as ""repair"" expenses."
USDA,Select Tree Mapping,Natural Resources and Environment,pilot,Computer Vision,0,0,0,computer_vision,,,,b) Developed in-house,Yes,Improving access to data about Select Trees (trees with superior growth for timber production) from Select Tree Registers (physical documents with information about the tree and its location),Cost savings by reducing the amount of work time that would otherwise be spent doing this repetitive task,Outputs a spreadsheet with data about select trees collected from their corresponding registers
USDA,Species Distribution Data analysis,Natural Resources and Environment,pilot,Classical/Predictive Machine Learning,0,0,0,classical_ml,,,,b) Developed in-house,Yes,Machine learning models built for predicting and understanding species distributions and ranges for thousands of different species.,Providing information on where species are distributed improves decision-making for ecosystem management,Predictions of species distributions
USDA,Spread and Balance Sample Design,Natural Resources and Environment,pilot,Classical/Predictive Machine Learning,0,0,0,classical_ml,,,,b) Developed in-house,Yes,"The purpose of this tool is to produce samples that are well spread and balanced, reducing sampling cost and error.",Providing better information about our natural resources for less spend,"Sample locations, distance measures, and graphics"
USDA,Survey Outlier Detection Model,"Research, Education and Economics",deployed,Classical/Predictive Machine Learning,0,0,0,classical_ml,,,,b) Developed in-house,Yes,Anomalous or inaccurate values in surveys must be correctly identified and addressed to ensure high data quality.,The use of this model reduces manual labor and improves data quality.,The model outputs a recommendation of which data values should be re-examined for errors.
USDA,"The Big Data, Mapping, and Analytics Platform (BIGMAP) Project",Natural Resources and Environment,deployed,Classical/Predictive Machine Learning,0,0,0,classical_ml,Esri ArcGIS AI,Esri FS GeoPlatform (Esri Blanket Purchase Agreement),Esri,c) Developed with both contracting and in-house resources,Yes,"To produce maps of various characteristics of US forests at all locations, based on field plots measured by the US Forest Service Forest Inventory and Analysis (FIA) program only at some locations.","BIGMAP maps can be used for visualizations, modeling, and decision-making at regional and sub-state scales. Provides greater precision in estimates and leads to more informed decisions about the forest resources in the US.",Maps with predictions of various forest attributes for all of the contiguous United States and coastal Alaska.
USDA,TreeMap and FuelMap (all versions),Natural Resources and Environment,deployed,Classical/Predictive Machine Learning,0,0,0,classical_ml,,,,b) Developed in-house,Yes,"Produce tree-level model of the forests of the US, and corresponding model of fuel loading.","TreeMap and FuelMap enable modeling of fuel treatments (amount of wood removed, reduction in fire risk), smoke emissions, and biomass estimation","The AI outputs maps at 30x30m scale for the Conterminous United States (CONUS) of the imputed Forest Inventory and Analysis (FIA) plot identifier. From these maps, we also create maps of attributes such as forest type, number of live and dead trees per acre, biomass, carbon, etc."
USDA,TreeSearch,Natural Resources and Environment,deployed,Generative AI,1,0,0,general_llm,Aware Biometrics,Advanced platform for Technical Learning and Analytics in the Sciences (ATLAS),Google,c) Developed with both contracting and in-house resources,Yes,"There is opportunity to streamline the usability of the US Forest Service (USFS) TreeSearch website, the primary database for Forest Service-sponsored research.","Currently, Forest Plan Revision team members would search the USFS TreeSearch database of over 60,000 documents manually to find relevant publications to support their work. This AI solution would expedite the team's research process by providing quick, accurate, and context-aware answers from multiple sources.",Provides conversational outputs through an AI Chatbot with a Human In The Loop (HITL) performing final data checks and quality assurance.
USDA,Turbo plan,Natural Resources and Environment,deployed,Generative AI,1,0,0,general_llm,,Advanced platform for Technical Learning and Analytics in the Sciences (ATLAS),Wildfire.org,a) Purchased from a vendor,Yes,Accelerating environmental planning with tools and services to achieve the Wildfire Crisis Strategy with specific focus around National Environmental Policy Act planning and appraisal process optimization.,"Meet and exceed the Wildfire Crisis Strategy, accelerate the pace and scale of preparedness planning before a catastrophic wildfire, reduce the time and cost of planning, standardize the planning process, reduce planning barriers",Optimized planning document
USDA,US Poultry and Operations Dataset,Marketing and Regulatory Programs,deployed,Classical/Predictive Machine Learning,0,0,0,classical_ml,,,,b) Developed in-house,Yes,Identifies the location and distribution of poultry agricultural facilities in the United States.,"Developing this dataset/model provides detailed data on poultry farm locations and populations, which is essential for planning animal health emergencies and predicting the spread of diseases.",Output is a national-level dataset of domestic poultry operations and estimated populations.
USDA,VegScape/CropCASMA Data Portals,"Research, Education and Economics",pilot,Classical/Predictive Machine Learning,0,0,0,classical_ml,,,George Mason University,c) Developed with both contracting and in-house resources,Yes,"Shows crop conditions and soil moisture availability, which serve as inputs to increase the quality of crop modeling","Supplements weekly Crop Progress and Condition Reports, provides direct input into disaster assessments on agriculture, and provides early disaster anomaly warnings",Provides both quantitative and qualitative output products in support of Crop Progress and Condition and Disaster Assessment reporting
USDA,Vegetation Specifications Suite (VegSpec),Farm Production and Conservation,pilot,Classical/Predictive Machine Learning,0,0,0,classical_ml,,Vegetation Specification Suite (VegSpec),"Precision Sustainable Agriculture Group, North Carolina State University",c) Developed with both contracting and in-house resources,Yes,"Consistent technical expertise is lacking in the development of conservation practices for producers that need to implement emergency and disaster assistance conservation programs, as well as other voluntary conservation programs","Empowers producers to make informed decisions on plant materials used in their operations for conservation, disaster recovery, or production purposes. Consistent and tailored specifications with cost estimations.","Reports generating seed mixes, bare root specifications, recommendations, and estimated costs for projects."
USDA,Video Surveillance System,"Office of Safety, Security, and Protection",deployed,Computer Vision,0,0,0,computer_vision,,Video Surveillance System,GlobalComm,c) Developed with both contracting and in-house resources,No,The purpose of this system is to conduct facial recognition video surveillance to provide enhanced security.,Benefits include reduced labor hours for technicians and enhanced surveillance capability.,"The system outputs a positive match to the security control center, indicating identification of the selected individual. An alarm notification is sent to alert security personnel."
USDA,Washington state forest inventory maps,Natural Resources and Environment,pilot,Classical/Predictive Machine Learning,0,0,0,classical_ml,,,University of Washington - Natural Resource Spatial Informatics Group,c) Developed with both contracting and in-house resources,No,"The AI use case produces informational forest maps for the state of Washington, which may be used to support environmental monitoring and planning.",The AI system improves access and usability of forest data by creating informational maps for end users.,"The AI system outputs 28 different forest inventory maps including (but not limited to) trees per acre, aboveground biomass, tree height, timber volume, and species composition."
USDA,Wildfire effects and postfire forest dynamics,Natural Resources and Environment,pilot,Classical/Predictive Machine Learning,0,0,0,classical_ml,,,,b) Developed in-house,No,Predicting what a forest will be like after it burns is difficult since forests respond to disturbance in a variety of complex ways and forest conditions change over the first few decades after a fire.,Improving our understanding of how forests in the Pacific Northwest respond in the years after a wildfire to provide information for management of fire-affected areas.,Outputs identified predictors of different post-fire forest outcomes.
USDA,Wildlife Deterrent System,Natural Resources and Environment,pilot,Computer Vision,0,0,0,computer_vision,,,Chiral Software,c) Developed with both contracting and in-house resources,Yes,"The purpose of the AI device is to keep coyotes out of a fenced area by blocking their entry through a gap in the fence, while still allowing other wildlife to pass through.","The benefits include making ecological research possible that couldn't be done otherwise, and saving time by reducing the need to watch camera footage and manually control the fence.","The model performs video object detection of coyotes, and activates a barrier to prevent passage of the coyote."
USDA,XyloTron/XyloPhone Wood Identification System,Natural Resources and Environment,pilot,Computer Vision,0,0,0,computer_vision,,,,b) Developed in-house,Yes,The purpose of these tools is to identify different types of wood based on their cross-section. These tools will help industries follow laws and support law enforcement in meeting national (e.g. Lacey Act) and international (e.g. CITES) regulations.,Corrects product claims for wood products and improves US forest products industry health by providing an even playing field for domestic products.,The tools will output a prediction of the type of wood.
USDA,Yearly Incident Procurement Classification Report,Natural Resources and Environment,pilot,Classical/Predictive Machine Learning,0,0,0,classical_ml,,,,b) Developed in-house,Yes,"As part of planning for the upcoming fire season, all previous year incident-related procurements are categorized manually. This is a time-consuming process and humans may not be able to identify more nuanced, purchasing patterns.","The goal is to identify patterns and cost savings opportunities for purchases in the upcoming fire season, which in turn could lead to quicker resource allocation to incident locations.",The outputs are classification numbers representing common purchase categories identified by procurement staff.
